,index,Aspect_max,Aspect_median,Aspect_min,Eastness_max,Eastness_median,Eastness_min,Elevation_max,Elevation_median,Elevation_min,GaussianCurvature_max,GaussianCurvature_median,GaussianCurvature_min,Hillshade_max,Hillshade_median,Hillshade_min,HorizontalCurvature_max,HorizontalCurvature_median,HorizontalCurvature_min,MaximalCurvature_max,MaximalCurvature_median,MaximalCurvature_min,MeanCurvature_max,MeanCurvature_median,MeanCurvature_min,MinimalCurvature_max,MinimalCurvature_median,MinimalCurvature_min,Northness_max,Northness_median,Northness_min,ShapeIndex_max,ShapeIndex_median,ShapeIndex_min,Slope_max,Slope_median,Slope_min,VerticalCurvature_max,VerticalCurvature_median,VerticalCurvature_min,Aspect_max_city,Aspect_median_city,Aspect_min_city,Eastness_max_city,Eastness_median_city,Eastness_min_city,Elevation_max_city,Elevation_median_city,Elevation_min_city,GaussianCurvature_max_city,GaussianCurvature_median_city,GaussianCurvature_min_city,Hillshade_max_city,Hillshade_median_city,Hillshade_min_city,HorizontalCurvature_max_city,HorizontalCurvature_median_city,HorizontalCurvature_min_city,MaximalCurvature_max_city,MaximalCurvature_median_city,MaximalCurvature_min_city,MeanCurvature_max_city,MeanCurvature_median_city,MeanCurvature_min_city,MinimalCurvature_max_city,MinimalCurvature_median_city,MinimalCurvature_min_city,Northness_max_city,Northness_median_city,Northness_min_city,ShapeIndex_max_city,ShapeIndex_median_city,ShapeIndex_min_city,Slope_max_city,Slope_median_city,Slope_min_city,VerticalCurvature_max_city,VerticalCurvature_median_city,VerticalCurvature_min_city
0,0,359.93703145129587,87.17261374841307,0.061173883155484415,0.9999977211168106,0.402178992836385,-0.999942545085598,620.4532015424423,613.2177973694103,606.3679656330046,2.837440778391066e-07,-9.818365975519968e-10,-1.6245843699481993e-07,0.9999997130346885,0.9998741711321989,0.9988127384137832,0.0006021961750052364,-1.9282982218266315e-05,-0.0005521787605870277,0.0006923776246652612,0.00010329910734366228,-0.0005059571324796577,0.00043135863394459903,-1.4086562029401715e-06,-0.0005333818451189093,0.00034055477725197444,-0.00011679986147372157,-0.0006008291528637611,0.9999994300237014,0.738887249816174,-0.9999999747238353,27.160658683518317,-0.11654823997807791,-25.301022159523054,2.862693910079367,0.9931442117378932,0.055157009822845174,0.0005883218773961654,4.079329699422599e-06,-0.0005451758631362786,359.9783608627866,136.90595158255218,0,0.999999999994394,0.27732402933823935,-0.9999999997707215,657.2892553977956,610.7532988408364,589.9999999999999,7.637133345805204e-07,-3.3497114003435492e-09,-4.741040971539633e-07,0.999999993735809,0.999849246438562,0.9881397733883612,0.0013275783524237653,7.593704949961358e-06,-0.0011799551278768826,0.0015068229592549297,0.00011432072881044712,-0.0005908287277231417,0.0009946936877998321,3.6934626074937985e-06,-0.0007723216357121674,0.0006240195995247699,-0.00011442931162726059,-0.001346791953360754,1,0.21100959028085073,-1,186.95992999648763,0.4077046189847475,-31.754008417302824,8.970299920168435,1.0933375925780806,7.927855720259978e-16,0.0013460347777002012,7.5164596376571e-06,-0.0011634260576861269
1,1,359.78652687801855,174.88226702195686,0.012413880056095021,0.9999552457978639,0.07496701180419764,-0.9999976319625317,620.467210794657,612.3144739139165,599.8108915284616,2.165488449383046e-07,-2.847994001957473e-09,-1.9009124392191695e-07,0.999999742175037,0.9996260384728757,0.9965337003812992,0.0005498491822627276,1.1063695814292429e-05,-0.0009129520473011648,0.0006720034739009285,0.00014309545208135232,-0.0002551682782378432,0.00047731713140777377,1.8935696436219845e-05,-0.0006367531243930839,0.0003710966108053902,-9.559179179324291e-05,-0.001132458156420473,0.999999976528555,-0.918591640452953,-0.9999970178771538,21.515374915514137,0.06019913542664397,-9.535284118662863,4.636377171067536,1.5141165714249418,0.03333530237357715,0.0005704585812506954,2.673813907881868e-05,-0.0010237119858143666,359.9783608627866,136.90595158255218,0,0.999999999994394,0.27732402933823935,-0.9999999997707215,657.2892553977956,610.7532988408364,589.9999999999999,7.637133345805204e-07,-3.3497114003435492e-09,-4.741040971539633e-07,0.999999993735809,0.999849246438562,0.9881397733883612,0.0013275783524237653,7.593704949961358e-06,-0.0011799551278768826,0.0015068229592549297,0.00011432072881044712,-0.0005908287277231417,0.0009946936877998321,3.6934626074937985e-06,-0.0007723216357121674,0.0006240195995247699,-0.00011442931162726059,-0.001346791953360754,1,0.21100959028085073,-1,186.95992999648763,0.4077046189847475,-31.754008417302824,8.970299920168435,1.0933375925780806,7.927855720259978e-16,0.0013460347777002012,7.5164596376571e-06,-0.0011634260576861269
2,2,359.93174759470594,107.02014616466103,0.017481204534086782,0.9999984106186759,0.2634849820906225,-0.9989755312760195,615.1521784713773,608.1904873660822,598.7716850070631,1.9490674490575304e-07,-2.763018499630104e-09,-1.25340845634289e-07,0.9999999312005542,0.9998098212931156,0.9979088833382819,0.0005999223198422978,1.8441396342435446e-05,-0.0006667016167888924,0.000599322932056887,0.00012439351400726946,-0.0002987688195523561,0.00046073369617809706,-6.173815521166974e-06,-0.0004702808592133395,0.00032894297613993194,-0.00013350627057732,-0.0007508258807344905,0.9999999534555991,0.8471546734226942,-0.9999857808197868,15.817588518666637,-0.06246444432071624,-9.807351264744753,3.8389472004317504,1.1789647773255287,0.05335319261413116,0.0005773950290699148,-1.1439950132750406e-05,-0.0007297950894848886,359.9783608627866,136.90595158255218,0,0.999999999994394,0.27732402933823935,-0.9999999997707215,657.2892553977956,610.7532988408364,589.9999999999999,7.637133345805204e-07,-3.3497114003435492e-09,-4.741040971539633e-07,0.999999993735809,0.999849246438562,0.9881397733883612,0.0013275783524237653,7.593704949961358e-06,-0.0011799551278768826,0.0015068229592549297,0.00011432072881044712,-0.0005908287277231417,0.0009946936877998321,3.6934626074937985e-06,-0.0007723216357121674,0.0006240195995247699,-0.00011442931162726059,-0.001346791953360754,1,0.21100959028085073,-1,186.95992999648763,0.4077046189847475,-31.754008417302824,8.970299920168435,1.0933375925780806,7.927855720259978e-16,0.0013460347777002012,7.5164596376571e-06,-0.0011634260576861269
3,3,359.88074875643736,76.7500577691645,0.02495183602617722,0.9999983570445276,0.23113968742938987,-0.9999998887125285,620.7230113257348,613.7865866525232,607.3101531505167,2.239781235466306e-07,-2.8354300252841262e-09,-1.1956821790609396e-07,0.9999999081611265,0.999896466145248,0.9986741915276871,0.0004654659689604057,3.2861849226077713e-06,-0.0007666839531580631,0.0005397082501852236,0.00010125170493549523,-0.0002832232971604401,0.00047650173481392986,-2.044573262441994e-06,-0.00044834672487566396,0.00042104202210232165,-0.00010324319816807368,-0.0008372729891065871,0.9999999051734941,0.8533306748492604,-0.9999993733655504,23.326394307726705,-0.13100611098144416,-21.944384546802837,2.9312329751330393,0.8976194218317773,0.011894112629903544,0.0005228546803501088,-3.5961310940319853e-06,-0.0007267969244447585,359.9783608627866,136.90595158255218,0,0.999999999994394,0.27732402933823935,-0.9999999997707215,657.2892553977956,610.7532988408364,589.9999999999999,7.637133345805204e-07,-3.3497114003435492e-09,-4.741040971539633e-07,0.999999993735809,0.999849246438562,0.9881397733883612,0.0013275783524237653,7.593704949961358e-06,-0.0011799551278768826,0.0015068229592549297,0.00011432072881044712,-0.0005908287277231417,0.0009946936877998321,3.6934626074937985e-06,-0.0007723216357121674,0.0006240195995247699,-0.00011442931162726059,-0.001346791953360754,1,0.21100959028085073,-1,186.95992999648763,0.4077046189847475,-31.754008417302824,8.970299920168435,1.0933375925780806,7.927855720259978e-16,0.0013460347777002012,7.5164596376571e-06,-0.0011634260576861269
4,4,359.94110488979567,282.97925905130256,0.10772830474247778,0.999998710849216,-0.06567273984093883,-0.9998553010723197,642.7127743603154,624.3225801192619,616.0881857943863,7.637133345805204e-07,-3.2362109885727027e-09,-3.874666650050739e-07,0.9999999342379995,0.9997237051126128,0.9896966331010547,0.0013275783524237653,1.9600259747641885e-05,-0.00041167678536011313,0.0015068229592549297,0.00010293234444943794,-0.0002564319898042999,0.0009946936877998321,3.0634215471581255e-06,-0.00038092553277630127,0.0005980033374486267,-8.761958202546724e-05,-0.000735059379671202,0.999999471696876,0.940854777301318,-0.9999175475329775,36.83353034975764,0.11925208820000911,-19.402280431082765,8.151006493944463,1.4065193639840687,0.02855085830089697,0.0013460347777002012,-6.207125013548147e-06,-0.0006668826464070866,359.9783608627866,136.90595158255218,0,0.999999999994394,0.27732402933823935,-0.9999999997707215,657.2892553977956,610.7532988408364,589.9999999999999,7.637133345805204e-07,-3.3497114003435492e-09,-4.741040971539633e-07,0.999999993735809,0.999849246438562,0.9881397733883612,0.0013275783524237653,7.593704949961358e-06,-0.0011799551278768826,0.0015068229592549297,0.00011432072881044712,-0.0005908287277231417,0.0009946936877998321,3.6934626074937985e-06,-0.0007723216357121674,0.0006240195995247699,-0.00011442931162726059,-0.001346791953360754,1,0.21100959028085073,-1,186.95992999648763,0.4077046189847475,-31.754008417302824,8.970299920168435,1.0933375925780806,7.927855720259978e-16,0.0013460347777002012,7.5164596376571e-06,-0.0011634260576861269
5,5,358.0683178175421,127.03890657868232,0.13813446927670678,0.9999999757751874,0.4879650637896028,-0.9996307038701092,637.186428116057,627.0732956871236,617.7394812058636,1.5385653697867318e-07,-5.472587216222021e-09,-4.741040971539633e-07,0.9999999145864129,0.9997231635026665,0.9891672012393533,0.001148647276113687,-2.448719283465404e-06,-0.00045041372656126166,0.0012069395711732348,0.00010345395385848859,-0.00027981649409836417,0.0005136506359840559,-2.0451008363223116e-05,-0.00043826657838213476,0.00032299029092146525,-0.00015467748436550927,-0.0006419387354408951,0.99999709377887,-0.05158129689608721,-0.9999999495059657,10.93882956199853,-0.12465134738957241,-27.984356712522644,8.35897433486052,1.4093639067832746,0.1014542892382587,0.0006783679571787186,-2.642134147200449e-05,-0.0006380875899300971,359.9783608627866,136.90595158255218,0,0.999999999994394,0.27732402933823935,-0.9999999997707215,657.2892553977956,610.7532988408364,589.9999999999999,7.637133345805204e-07,-3.3497114003435492e-09,-4.741040971539633e-07,0.999999993735809,0.999849246438562,0.9881397733883612,0.0013275783524237653,7.593704949961358e-06,-0.0011799551278768826,0.0015068229592549297,0.00011432072881044712,-0.0005908287277231417,0.0009946936877998321,3.6934626074937985e-06,-0.0007723216357121674,0.0006240195995247699,-0.00011442931162726059,-0.001346791953360754,1,0.21100959028085073,-1,186.95992999648763,0.4077046189847475,-31.754008417302824,8.970299920168435,1.0933375925780806,7.927855720259978e-16,0.0013460347777002012,7.5164596376571e-06,-0.0011634260576861269
6,6,359.96350074887164,98.69997577388799,0.2664981852576944,0.9999163846073968,0.44170397299595315,-0.9993321245986421,612.1099850169791,606.7180917746232,601.8240941983547,1.0703539968019e-07,-2.352195614602519e-09,-7.586421846288279e-08,0.9999999830670081,0.9999217508324301,0.9990273732724801,0.0003302173951005733,-5.932883738782253e-06,-0.00041543448827379125,0.00046193537493380147,0.00010470098159068196,-0.0002860172016183484,0.00030619854202233206,1.6234323883395318e-06,-0.00033076451434072837,0.00024022034841951538,-0.00010189528860261651,-0.00041889097028961124,0.9999997970950544,0.7226094156399417,-0.9999425387237818,26.512391388077447,0.1284870935947238,-11.699953937192419,2.6345440266233684,0.8032019202474793,0.005928102047629102,0.0004620335331069563,-1.8146723676436525e-06,-0.0003940863044756425,359.9783608627866,136.90595158255218,0,0.999999999994394,0.27732402933823935,-0.9999999997707215,657.2892553977956,610.7532988408364,589.9999999999999,7.637133345805204e-07,-3.3497114003435492e-09,-4.741040971539633e-07,0.999999993735809,0.999849246438562,0.9881397733883612,0.0013275783524237653,7.593704949961358e-06,-0.0011799551278768826,0.0015068229592549297,0.00011432072881044712,-0.0005908287277231417,0.0009946936877998321,3.6934626074937985e-06,-0.0007723216357121674,0.0006240195995247699,-0.00011442931162726059,-0.001346791953360754,1,0.21100959028085073,-1,186.95992999648763,0.4077046189847475,-31.754008417302824,8.970299920168435,1.0933375925780806,7.927855720259978e-16,0.0013460347777002012,7.5164596376571e-06,-0.0011634260576861269
7,7,359.8553787426788,122.70626188038946,0.3026021953655974,0.9999998438017584,0.5110652155087504,-0.9996702123941412,615.4702025013713,607.1893829179103,596.9550682301555,3.018911429588549e-07,-1.7735397187808388e-09,-1.7619742867944845e-07,0.9999998667860366,0.9998942641308508,0.9951680084847715,0.00047069947636641586,1.2310767517562148e-05,-0.0007922348336724214,0.0005407453198683027,0.00011048769892876252,-0.00046286183920908104,0.0003713524114309854,1.3354299148970828e-05,-0.0005964433792525123,0.0002889040936303041,-8.760239500289966e-05,-0.0009658903455133866,0.9999968144181023,-0.30123640488259223,-0.999999747516553,186.95992999648763,0.3942137726203425,-25.359474473303855,5.54777858253135,0.9826227932005548,0.015479421764315247,0.0005351826648641845,1.930942240099649e-05,-0.0008774776966428187,359.9783608627866,136.90595158255218,0,0.999999999994394,0.27732402933823935,-0.9999999997707215,657.2892553977956,610.7532988408364,589.9999999999999,7.637133345805204e-07,-3.3497114003435492e-09,-4.741040971539633e-07,0.999999993735809,0.999849246438562,0.9881397733883612,0.0013275783524237653,7.593704949961358e-06,-0.0011799551278768826,0.0015068229592549297,0.00011432072881044712,-0.0005908287277231417,0.0009946936877998321,3.6934626074937985e-06,-0.0007723216357121674,0.0006240195995247699,-0.00011442931162726059,-0.001346791953360754,1,0.21100959028085073,-1,186.95992999648763,0.4077046189847475,-31.754008417302824,8.970299920168435,1.0933375925780806,7.927855720259978e-16,0.0013460347777002012,7.5164596376571e-06,-0.0011634260576861269
8,8,359.95232000234427,137.0627434468807,0.28909282324522473,0.9999892991728946,0.2608124979437728,-0.9999992066893637,608.7557467583063,603.0234950480298,594.6093454654704,3.2253939526312724e-07,-5.539795190785981e-09,-2.8076556479924567e-07,0.999999993735809,0.9997015471602181,0.9962897518390413,0.0006683611704843673,1.9801912509724777e-05,-0.0011799551278768826,0.0007112293841166577,0.00015651860677179207,-0.00036851398107424176,0.0005821193302775546,3.344839966220492e-06,-0.0006824123284339514,0.0004543558009757171,-0.00013417915472222248,-0.0011825869387304185,0.9999996537441136,0.12137520749831125,-0.9999981383451686,13.308835232695547,0.11494939496516766,-31.754008417302824,4.790338076877263,1.4555424533149421,0.024416433362220415,0.0006778753350049617,3.6385731333595977e-06,-0.0010538669209632812,359.9783608627866,136.90595158255218,0,0.999999999994394,0.27732402933823935,-0.9999999997707215,657.2892553977956,610.7532988408364,589.9999999999999,7.637133345805204e-07,-3.3497114003435492e-09,-4.741040971539633e-07,0.999999993735809,0.999849246438562,0.9881397733883612,0.0013275783524237653,7.593704949961358e-06,-0.0011799551278768826,0.0015068229592549297,0.00011432072881044712,-0.0005908287277231417,0.0009946936877998321,3.6934626074937985e-06,-0.0007723216357121674,0.0006240195995247699,-0.00011442931162726059,-0.001346791953360754,1,0.21100959028085073,-1,186.95992999648763,0.4077046189847475,-31.754008417302824,8.970299920168435,1.0933375925780806,7.927855720259978e-16,0.0013460347777002012,7.5164596376571e-06,-0.0011634260576861269
9,9,359.9354599776863,52.74715022212342,0.1962049194287751,0.9999957616281038,0.43435018851350415,-0.9986656574711053,616.4246936810615,607.5598094452187,599.9859162451488,2.1220021757304212e-07,-2.7740632240610615e-09,-1.0316977774581935e-07,0.9999998038673431,0.9998972365171129,0.998081212903056,0.0005010912300694619,3.4254199834834403e-06,-0.00047958037329083483,0.0006120667653874799,0.00010113482097504375,-0.0002248174557600929,0.000479380662413057,-2.0664241837918614e-06,-0.00033226959866589187,0.000346694559438634,-9.727646060407266e-05,-0.0005182180982198626,0.9999993655711614,0.8401525861121177,-0.9999308350263325,13.69805960017768,-0.12361912338735456,-23.44595819737369,3.627055928529403,0.9293152035765899,0.024416433362220415,0.0005924557301575757,-3.834878918423441e-06,-0.0004205696860929849,359.9783608627866,136.90595158255218,0,0.999999999994394,0.27732402933823935,-0.9999999997707215,657.2892553977956,610.7532988408364,589.9999999999999,7.637133345805204e-07,-3.3497114003435492e-09,-4.741040971539633e-07,0.999999993735809,0.999849246438562,0.9881397733883612,0.0013275783524237653,7.593704949961358e-06,-0.0011799551278768826,0.0015068229592549297,0.00011432072881044712,-0.0005908287277231417,0.0009946936877998321,3.6934626074937985e-06,-0.0007723216357121674,0.0006240195995247699,-0.00011442931162726059,-0.001346791953360754,1,0.21100959028085073,-1,186.95992999648763,0.4077046189847475,-31.754008417302824,8.970299920168435,1.0933375925780806,7.927855720259978e-16,0.0013460347777002012,7.5164596376571e-06,-0.0011634260576861269
10,10,359.5409922432512,96.88762285152245,0.08679624477387415,0.9999999307904232,0.825172978074443,-0.9856499543074922,627.9362172725,611.8098712059821,602.2119802868001,1.535316789065202e-07,-2.788262399365217e-09,-1.2826531426081022e-07,0.9999992660747413,0.9998396523887774,0.9970601581406159,0.0005211505865747587,2.0798196212247597e-06,-0.00041226378142085495,0.0005459045412448955,0.00011251052712030105,-0.00029017195337233993,0.0004026149181012062,5.510729250046484e-06,-0.00041887326146252904,0.00031005632384264596,-0.00010298706442167509,-0.0006919277257545482,0.999998852569134,-0.020470274816915338,-0.999993504097262,16.735766381944774,0.12470454156208793,-29.529534443506154,4.558387508903984,1.140783216766524,0.021685940959104973,0.0005158265509702891,3.919506469631688e-06,-0.0006575566008480693,359.9783608627866,136.90595158255218,0,0.999999999994394,0.27732402933823935,-0.9999999997707215,657.2892553977956,610.7532988408364,589.9999999999999,7.637133345805204e-07,-3.3497114003435492e-09,-4.741040971539633e-07,0.999999993735809,0.999849246438562,0.9881397733883612,0.0013275783524237653,7.593704949961358e-06,-0.0011799551278768826,0.0015068229592549297,0.00011432072881044712,-0.0005908287277231417,0.0009946936877998321,3.6934626074937985e-06,-0.0007723216357121674,0.0006240195995247699,-0.00011442931162726059,-0.001346791953360754,1,0.21100959028085073,-1,186.95992999648763,0.4077046189847475,-31.754008417302824,8.970299920168435,1.0933375925780806,7.927855720259978e-16,0.0013460347777002012,7.5164596376571e-06,-0.0011634260576861269
11,11,358.40295913345244,93.03089463161515,0.21667421946894994,0.9999999638528034,0.840606660186775,-0.998553620522993,628.2178097976036,613.0784887527482,602.6342315043132,1.2493508599321804e-07,-2.8097904279273163e-09,-1.6927100138499973e-07,0.99999964282184,0.9998698304118785,0.9974678927427043,0.0007408410991939769,-3.138103753849435e-06,-0.0003726020825320587,0.0007889392288180549,8.79119652030975e-05,-0.00026314061250318536,0.000411570793899648,-9.329092284990813e-06,-0.0003155661462543685,0.00021387097525563502,-0.00011294508764288641,-0.0004688057285132239,0.9999928494622548,-0.01261794079697228,-0.9999088031718165,15.020213575495902,-0.06220143677780896,-16.30366597231376,4.009152461499931,1.007700041281504,0.017038416380975547,0.0003558755458344868,-1.713320905924068e-05,-0.00039207293187225095,359.9783608627866,136.90595158255218,0,0.999999999994394,0.27732402933823935,-0.9999999997707215,657.2892553977956,610.7532988408364,589.9999999999999,7.637133345805204e-07,-3.3497114003435492e-09,-4.741040971539633e-07,0.999999993735809,0.999849246438562,0.9881397733883612,0.0013275783524237653,7.593704949961358e-06,-0.0011799551278768826,0.0015068229592549297,0.00011432072881044712,-0.0005908287277231417,0.0009946936877998321,3.6934626074937985e-06,-0.0007723216357121674,0.0006240195995247699,-0.00011442931162726059,-0.001346791953360754,1,0.21100959028085073,-1,186.95992999648763,0.4077046189847475,-31.754008417302824,8.970299920168435,1.0933375925780806,7.927855720259978e-16,0.0013460347777002012,7.5164596376571e-06,-0.0011634260576861269
12,12,359.8009729159607,95.6210557746236,0.6781137328680872,0.999995855614901,0.66027771602382,-0.9994736942013145,604.6994403849822,602.716038784649,592.1219391927082,1.3469095911908683e-07,-4.543191358618861e-09,-1.8238010358129131e-07,0.9999996493656326,0.9998554651510794,0.9971359678607769,0.0004856983295008832,4.985692535352604e-05,-0.000522085106350831,0.0006572102078440608,0.00016403147630574783,-0.0002820842897431785,0.00040577583919612707,4.890842205346923e-05,-0.0005135755815222939,0.00023267739161142355,-7.199607446864821e-05,-0.0010804342341005238,0.9999939667869306,0.23793109236261706,-0.9997701137796419,9.64603694116048,0.31767329690903384,-8.50334247347813,4.198481410388328,0.9888798797824622,0.11065020081261898,0.0005653827604568686,3.441332082286537e-05,-0.0008167513240796169,359.9783608627866,136.90595158255218,0,0.999999999994394,0.27732402933823935,-0.9999999997707215,657.2892553977956,610.7532988408364,589.9999999999999,7.637133345805204e-07,-3.3497114003435492e-09,-4.741040971539633e-07,0.999999993735809,0.999849246438562,0.9881397733883612,0.0013275783524237653,7.593704949961358e-06,-0.0011799551278768826,0.0015068229592549297,0.00011432072881044712,-0.0005908287277231417,0.0009946936877998321,3.6934626074937985e-06,-0.0007723216357121674,0.0006240195995247699,-0.00011442931162726059,-0.001346791953360754,1,0.21100959028085073,-1,186.95992999648763,0.4077046189847475,-31.754008417302824,8.970299920168435,1.0933375925780806,7.927855720259978e-16,0.0013460347777002012,7.5164596376571e-06,-0.0011634260576861269
13,13,357.59478318732937,175.3397919751825,0.8189941188937903,0.9999997783721398,0.07144503548939272,-0.9999995604604538,605.6603837600685,600.9018194372825,590.0098446623185,2.7709286163818856e-07,-1.7236616890812872e-09,-3.078319028028765e-07,0.999999456390549,0.9997931416869865,0.9961368577544845,0.0006377878875325776,3.8128021951913716e-06,-0.0008795236923249481,0.0009236484644410378,0.00012554134048554507,-0.00030851756150865984,0.0006076434485597483,3.45220281577451e-06,-0.000699405283425212,0.00036361074678542863,-0.00010384051192761829,-0.0011829071818398559,0.999897840464142,-0.26971272401426793,-0.9999987075323199,13.880634592554525,0.05441408743680731,-12.0972498695882,4.9494440800913635,1.1711249192540871,0.0474500505566778,0.0009114575355351118,8.251599971814781e-06,-0.0011634260576861269,359.9783608627866,136.90595158255218,0,0.999999999994394,0.27732402933823935,-0.9999999997707215,657.2892553977956,610.7532988408364,589.9999999999999,7.637133345805204e-07,-3.3497114003435492e-09,-4.741040971539633e-07,0.999999993735809,0.999849246438562,0.9881397733883612,0.0013275783524237653,7.593704949961358e-06,-0.0011799551278768826,0.0015068229592549297,0.00011432072881044712,-0.0005908287277231417,0.0009946936877998321,3.6934626074937985e-06,-0.0007723216357121674,0.0006240195995247699,-0.00011442931162726059,-0.001346791953360754,1,0.21100959028085073,-1,186.95992999648763,0.4077046189847475,-31.754008417302824,8.970299920168435,1.0933375925780806,7.927855720259978e-16,0.0013460347777002012,7.5164596376571e-06,-0.0011634260576861269
14,14,359.91096347026655,184.8815896185784,0.04103333510166609,0.9999826709001145,-0.04968773741985318,-0.9999999997707215,604.625544478557,596.8941300523452,589.9999999999999,2.5324785442639995e-07,-1.7259119056843178e-09,-2.290877666657064e-07,0.9999998585869148,0.9996113756944205,0.9971748532635835,0.0007649129543000034,1.9528368035965863e-05,-0.0010110967188865848,0.0007827200279416688,0.00014098563254032477,-0.0002983788349702469,0.0005481789979764707,-1.160360847619153e-05,-0.0005352140817528781,0.0004145101706517122,-0.0001558324706440518,-0.0011250654802027475,0.9999997435525678,-0.26019381053891355,-0.9999994128796275,12.890217244055073,-0.05888423232292554,-6.644992068359462,4.337331056531383,1.5805040066104086,0.027122571543749772,0.0007604347380348984,-3.2415880060248684e-06,-0.00107429382567124,359.9783608627866,136.90595158255218,0,0.999999999994394,0.27732402933823935,-0.9999999997707215,657.2892553977956,610.7532988408364,589.9999999999999,7.637133345805204e-07,-3.3497114003435492e-09,-4.741040971539633e-07,0.999999993735809,0.999849246438562,0.9881397733883612,0.0013275783524237653,7.593704949961358e-06,-0.0011799551278768826,0.0015068229592549297,0.00011432072881044712,-0.0005908287277231417,0.0009946936877998321,3.6934626074937985e-06,-0.0007723216357121674,0.0006240195995247699,-0.00011442931162726059,-0.001346791953360754,1,0.21100959028085073,-1,186.95992999648763,0.4077046189847475,-31.754008417302824,8.970299920168435,1.0933375925780806,7.927855720259978e-16,0.0013460347777002012,7.5164596376571e-06,-0.0011634260576861269
15,15,359.8813282525566,90.93649558446211,0.1421970679374297,0.999999826396593,0.5957148560582753,-0.9999046832593018,605.5052145083922,598.6526437463689,589.9999999999999,3.296814302495143e-07,-1.886453292426759e-09,-1.8002891433407052e-07,0.9999999499665198,0.9999166059020105,0.9969178829549565,0.000534925679009931,-1.0485613169224974e-05,-0.0007147725672667166,0.0007003911183917304,0.0001113155975167398,-0.0003101023655562882,0.0005781382230005327,3.847108539993157e-06,-0.00047592021206729055,0.0005105928704979408,-0.00010343568501852983,-0.0008847442761474042,0.999997855039697,0.27049039489762544,-0.9999999693242162,21.05475920315645,0.1206570022532873,-24.32241244250664,4.639812955258266,0.8282853596547273,0.021651600658549187,0.0006787266482362809,1.1342518051585732e-05,-0.0008609993863970384,359.9783608627866,136.90595158255218,0,0.999999999994394,0.27732402933823935,-0.9999999997707215,657.2892553977956,610.7532988408364,589.9999999999999,7.637133345805204e-07,-3.3497114003435492e-09,-4.741040971539633e-07,0.999999993735809,0.999849246438562,0.9881397733883612,0.0013275783524237653,7.593704949961358e-06,-0.0011799551278768826,0.0015068229592549297,0.00011432072881044712,-0.0005908287277231417,0.0009946936877998321,3.6934626074937985e-06,-0.0007723216357121674,0.0006240195995247699,-0.00011442931162726059,-0.001346791953360754,1,0.21100959028085073,-1,186.95992999648763,0.4077046189847475,-31.754008417302824,8.970299920168435,1.0933375925780806,7.927855720259978e-16,0.0013460347777002012,7.5164596376571e-06,-0.0011634260576861269
16,16,359.58937189258967,113.02072971068625,0.772931978615774,0.9999998600480059,0.6684928699647934,-0.9998768804225395,606.5648341130457,599.4366382707346,590.2871981324328,1.231067269345054e-07,-1.3793391111498492e-09,-7.305056797343673e-08,0.9999999572316491,0.999898884656726,0.9993422520755623,0.000482699138015578,5.812315898616054e-06,-0.00034593511534856616,0.0005386441591390196,9.021029122054584e-05,-0.0002124155040598433,0.00038359671231711246,-9.401761157800809e-06,-0.00027928487772728216,0.0002418667640321803,-0.00010524803677853807,-0.0004148638722528304,0.9999743185093941,-0.23656149414406924,-0.9999987883748751,10.915640345780117,-0.13295812347732675,-24.32241244250664,2.101769669727401,0.882747911193427,0.015301026479710721,0.0003770581228570521,-5.971935413914335e-06,-0.000344843414107403,359.9783608627866,136.90595158255218,0,0.999999999994394,0.27732402933823935,-0.9999999997707215,657.2892553977956,610.7532988408364,589.9999999999999,7.637133345805204e-07,-3.3497114003435492e-09,-4.741040971539633e-07,0.999999993735809,0.999849246438562,0.9881397733883612,0.0013275783524237653,7.593704949961358e-06,-0.0011799551278768826,0.0015068229592549297,0.00011432072881044712,-0.0005908287277231417,0.0009946936877998321,3.6934626074937985e-06,-0.0007723216357121674,0.0006240195995247699,-0.00011442931162726059,-0.001346791953360754,1,0.21100959028085073,-1,186.95992999648763,0.4077046189847475,-31.754008417302824,8.970299920168435,1.0933375925780806,7.927855720259978e-16,0.0013460347777002012,7.5164596376571e-06,-0.0011634260576861269
17,17,358.40531455250886,65.69365807001111,3.137125173110532,0.9999525799274704,0.6516444747817889,-0.7737336297447966,603.4029270475318,601.3986514716165,600.6380277990264,5.145004248099474e-08,-2.8793844812457e-10,-4.4655649491511895e-08,0.9999896215098858,0.9999230364933003,0.999752318548245,0.00026827449311890637,-1.5676584923593306e-05,-0.0003101141346149945,0.0002982271511587409,7.033202370303003e-05,-0.00014468039473836933,0.00018860011239737968,-7.455121499253644e-05,-0.00025374948508988124,0.0001118992313276294,-0.0001580046900015675,-0.0003742110220692894,0.9996127006519437,0.7389869734805338,0.009738475054948192,2.962165903935774,-0.293897413879613,-2.0537991908276356,1.4568724695483948,0.8154431568192752,0.32557596271995914,0.00025258785320826947,-8.741156931741425e-05,-0.0003153619454745924,359.9783608627866,136.90595158255218,0,0.999999999994394,0.27732402933823935,-0.9999999997707215,657.2892553977956,610.7532988408364,589.9999999999999,7.637133345805204e-07,-3.3497114003435492e-09,-4.741040971539633e-07,0.999999993735809,0.999849246438562,0.9881397733883612,0.0013275783524237653,7.593704949961358e-06,-0.0011799551278768826,0.0015068229592549297,0.00011432072881044712,-0.0005908287277231417,0.0009946936877998321,3.6934626074937985e-06,-0.0007723216357121674,0.0006240195995247699,-0.00011442931162726059,-0.001346791953360754,1,0.21100959028085073,-1,186.95992999648763,0.4077046189847475,-31.754008417302824,8.970299920168435,1.0933375925780806,7.927855720259978e-16,0.0013460347777002012,7.5164596376571e-06,-0.0011634260576861269
18,18,359.193117484063,207.03792864980423,0.7067944134517227,0.9999988755092414,-0.3722561964385811,-0.9999869474045219,607.1128842456808,604.6142408086263,601.6133363808887,7.413271670105102e-08,-1.4301338697216117e-09,-8.06605472628749e-08,0.9999996163037884,0.9999095717636626,0.9991084581738165,0.00034204968726641596,2.5192082048934246e-06,-0.00043388543104819444,0.00043136294224034653,0.00010061915015669168,-0.00023075708609129254,0.0002682588192858967,5.211515419150289e-06,-0.0003221194285373753,0.00017140872639370838,-8.264756473002375e-05,-0.000518980586617633,0.9999239138781477,-0.6224213320699638,-0.9999910635444235,14.364409801925566,0.06799895743103458,-15.44996750274465,2.283499345381075,0.6783998380802014,0.05010095711287557,0.0004192785336406852,1.7458345492218843e-05,-0.0005144793253086875,359.9783608627866,136.90595158255218,0,0.999999999994394,0.27732402933823935,-0.9999999997707215,657.2892553977956,610.7532988408364,589.9999999999999,7.637133345805204e-07,-3.3497114003435492e-09,-4.741040971539633e-07,0.999999993735809,0.999849246438562,0.9881397733883612,0.0013275783524237653,7.593704949961358e-06,-0.0011799551278768826,0.0015068229592549297,0.00011432072881044712,-0.0005908287277231417,0.0009946936877998321,3.6934626074937985e-06,-0.0007723216357121674,0.0006240195995247699,-0.00011442931162726059,-0.001346791953360754,1,0.21100959028085073,-1,186.95992999648763,0.4077046189847475,-31.754008417302824,8.970299920168435,1.0933375925780806,7.927855720259978e-16,0.0013460347777002012,7.5164596376571e-06,-0.0011634260576861269
19,19,359.6878669509536,191.05148827842015,0.9913659862893085,0.9999837937400613,-0.16811262926325038,-0.9999983628069817,604.7213121173685,600.5337732934689,592.5216817407469,2.814500432061833e-07,-1.6642670921109587e-09,-2.113986130250428e-07,0.999999940156119,0.9998645161266493,0.9957165680487527,0.0006904782952198397,3.6789637867849357e-06,-0.0007139461971309264,0.0007520210215060633,0.00014122613404581947,-0.00028521252732387,0.0005349214740090527,1.9576327862069163e-05,-0.0004844459914150629,0.0004757356879487825,-0.0001104609341697421,-0.0007433325637228423,0.9999851610498813,-0.6195383348956754,-0.9999990691987031,10.548755083997309,0.05967269834665551,-18.198360341505616,5.215913507823222,0.8587542869341993,0.03072675620263127,0.0005866195104166446,1.9364513011363207e-05,-0.0005876908191469393,359.9783608627866,136.90595158255218,0,0.999999999994394,0.27732402933823935,-0.9999999997707215,657.2892553977956,610.7532988408364,589.9999999999999,7.637133345805204e-07,-3.3497114003435492e-09,-4.741040971539633e-07,0.999999993735809,0.999849246438562,0.9881397733883612,0.0013275783524237653,7.593704949961358e-06,-0.0011799551278768826,0.0015068229592549297,0.00011432072881044712,-0.0005908287277231417,0.0009946936877998321,3.6934626074937985e-06,-0.0007723216357121674,0.0006240195995247699,-0.00011442931162726059,-0.001346791953360754,1,0.21100959028085073,-1,186.95992999648763,0.4077046189847475,-31.754008417302824,8.970299920168435,1.0933375925780806,7.927855720259978e-16,0.0013460347777002012,7.5164596376571e-06,-0.0011634260576861269
20,20,359.8337226445158,220.88440834086725,0.0,0.9999998608198507,-0.5118781571373668,-0.9999998998752962,601.5910326259245,596.4062750457773,589.9999999999999,2.4962125167557243e-07,-7.902860430643422e-10,-1.5747803049898828e-07,0.9999999749056967,0.9998697204931574,0.997472677951018,0.0005316569850370308,3.2871578373962144e-06,-0.0005683147870890444,0.0005462567289085877,9.71794681246923e-05,-0.00028521252732387,0.0004996346915266667,-1.1208821164943753e-05,-0.0004803923269535904,0.0004959504953626565,-0.00011805361652045291,-0.0006755721265833108,1.0,-0.4945627860019001,-1.0,86.33561011051972,-0.25356686316038535,-7.815180510755239,3.9949244180380283,0.8367535085725749,7.927855720259978e-16,0.0005079446526224468,-2.675496530996092e-05,-0.0005876908191469393,359.9783608627866,136.90595158255218,0,0.999999999994394,0.27732402933823935,-0.9999999997707215,657.2892553977956,610.7532988408364,589.9999999999999,7.637133345805204e-07,-3.3497114003435492e-09,-4.741040971539633e-07,0.999999993735809,0.999849246438562,0.9881397733883612,0.0013275783524237653,7.593704949961358e-06,-0.0011799551278768826,0.0015068229592549297,0.00011432072881044712,-0.0005908287277231417,0.0009946936877998321,3.6934626074937985e-06,-0.0007723216357121674,0.0006240195995247699,-0.00011442931162726059,-0.001346791953360754,1,0.21100959028085073,-1,186.95992999648763,0.4077046189847475,-31.754008417302824,8.970299920168435,1.0933375925780806,7.927855720259978e-16,0.0013460347777002012,7.5164596376571e-06,-0.0011634260576861269
21,21,323.79735006075737,118.70503301954321,0.0,0.999999999994394,6.00150534949697e-17,-0.9998986509629346,595.7747157323719,590.1076206350671,589.9999999999999,1.2573516483371208e-07,7.040276551151569e-11,-8.57219272692162e-08,0.9999996740986528,0.9999816059884552,0.998960024909501,0.00044007411483083314,2.727150162247831e-07,-0.0003446381121228336,0.000705783835051276,4.950967018450719e-07,-0.00016719368158911292,0.0004419667578587106,-3.412128106356507e-05,-0.0002792162134825007,0.00017814968066614514,-0.0001146818194165955,-0.00044545799336134003,1.0,-0.26143442098446673,-1.0,1.9249245929398189,-0.594167542028105,-10.039897858852543,2.443192880942639,0.3855725660540232,1.2723508739721425e-15,0.0006920892481112093,-8.737034113193902e-05,-0.0004450499896615154,359.9783608627866,136.90595158255218,0,0.999999999994394,0.27732402933823935,-0.9999999997707215,657.2892553977956,610.7532988408364,589.9999999999999,7.637133345805204e-07,-3.3497114003435492e-09,-4.741040971539633e-07,0.999999993735809,0.999849246438562,0.9881397733883612,0.0013275783524237653,7.593704949961358e-06,-0.0011799551278768826,0.0015068229592549297,0.00011432072881044712,-0.0005908287277231417,0.0009946936877998321,3.6934626074937985e-06,-0.0007723216357121674,0.0006240195995247699,-0.00011442931162726059,-0.001346791953360754,1,0.21100959028085073,-1,186.95992999648763,0.4077046189847475,-31.754008417302824,8.970299920168435,1.0933375925780806,7.927855720259978e-16,0.0013460347777002012,7.5164596376571e-06,-0.0011634260576861269
22,22,359.81197239924967,312.8737735422009,0.15297391935299048,0.9999832951644712,-0.2275211497813711,-0.9998599059227274,634.0240321408705,629.8257324987032,626.489540825552,1.6909542460204304e-07,-4.61816399378164e-09,-1.0867045075050772e-07,0.9999959000057645,0.9997839463855805,0.9986877071772196,0.0004702166474363724,-2.8888954702654326e-05,-0.0004528752229281679,0.0004700015002412365,0.00012804417520468286,-0.00027111354847291055,0.0004137355874296352,-2.528400273301737e-05,-0.0003458138007461398,0.0003681098084916022,-0.00018037340110932973,-0.0004933684122804828,0.9999964358229505,0.9363100242359544,-0.9519224583023496,5.772882384047626,-0.09865385632131254,-4.710145964239873,2.9957912802413476,1.1795203514277195,0.1051934174946603,0.00044019535717422915,-3.940028793142004e-05,-0.00047641875284213053,359.9783608627866,136.90595158255218,0,0.999999999994394,0.27732402933823935,-0.9999999997707215,657.2892553977956,610.7532988408364,589.9999999999999,7.637133345805204e-07,-3.3497114003435492e-09,-4.741040971539633e-07,0.999999993735809,0.999849246438562,0.9881397733883612,0.0013275783524237653,7.593704949961358e-06,-0.0011799551278768826,0.0015068229592549297,0.00011432072881044712,-0.0005908287277231417,0.0009946936877998321,3.6934626074937985e-06,-0.0007723216357121674,0.0006240195995247699,-0.00011442931162726059,-0.001346791953360754,1,0.21100959028085073,-1,186.95992999648763,0.4077046189847475,-31.754008417302824,8.970299920168435,1.0933375925780806,7.927855720259978e-16,0.0013460347777002012,7.5164596376571e-06,-0.0011634260576861269
23,23,359.94712803683944,138.93210118013664,0.014236448715233996,0.9999931075221699,0.1378026254030258,-0.9999887964780394,630.4405457404681,623.9061880872252,615.9135393126826,3.909283505404943e-07,-1.6854807572555232e-09,-2.68193168508329e-07,0.9999998715481833,0.9998010006662247,0.9960063647858298,0.0006930929289384959,-1.1108777710971145e-05,-0.0008635226040305978,0.0009103611587721591,0.00010318532883263579,-0.0005176825766171619,0.0006564629162140961,-1.1896322518156817e-05,-0.0006098717520425933,0.0004564248952685241,-0.00013392778055035885,-0.0009089309704890338,0.9999999691306082,0.862765514612911,-0.9996826306347102,24.997577477109107,-0.12347437846430583,-18.630438133255094,5.242461511037756,1.1395263344675837,0.013246344844034929,0.0008778787172094978,-3.86387264796029e-06,-0.0008124575614615542,359.9783608627866,136.90595158255218,0,0.999999999994394,0.27732402933823935,-0.9999999997707215,657.2892553977956,610.7532988408364,589.9999999999999,7.637133345805204e-07,-3.3497114003435492e-09,-4.741040971539633e-07,0.999999993735809,0.999849246438562,0.9881397733883612,0.0013275783524237653,7.593704949961358e-06,-0.0011799551278768826,0.0015068229592549297,0.00011432072881044712,-0.0005908287277231417,0.0009946936877998321,3.6934626074937985e-06,-0.0007723216357121674,0.0006240195995247699,-0.00011442931162726059,-0.001346791953360754,1,0.21100959028085073,-1,186.95992999648763,0.4077046189847475,-31.754008417302824,8.970299920168435,1.0933375925780806,7.927855720259978e-16,0.0013460347777002012,7.5164596376571e-06,-0.0011634260576861269
24,24,359.93965027475406,86.85138453484805,0.06774608117506907,0.9999999550620512,0.5504592591484329,-0.9999866803806322,628.1374885193942,619.1477445012725,613.1575184823542,1.2867272292819295e-07,-2.78654198231062e-09,-1.1752129113461568e-07,0.9999998872249991,0.9999200307923046,0.9986556706199156,0.0005419782728937839,4.086671152807366e-06,-0.00046152777515725613,0.0006131670239497062,0.00011217103836542464,-0.00023777029703628781,0.000391441599081279,9.724043533622191e-06,-0.00035224491984203683,0.00023474506892468675,-8.940581838475596e-05,-0.0005629385971586114,0.999999445278123,0.4623210406344139,-0.9999999653351331,35.84977604382731,0.1300579983875862,-22.57850844289904,2.935713624189046,0.8188499044444993,0.023974686341048195,0.0005990243932419535,1.1048971622133183e-05,-0.0005304965631846154,359.9783608627866,136.90595158255218,0,0.999999999994394,0.27732402933823935,-0.9999999997707215,657.2892553977956,610.7532988408364,589.9999999999999,7.637133345805204e-07,-3.3497114003435492e-09,-4.741040971539633e-07,0.999999993735809,0.999849246438562,0.9881397733883612,0.0013275783524237653,7.593704949961358e-06,-0.0011799551278768826,0.0015068229592549297,0.00011432072881044712,-0.0005908287277231417,0.0009946936877998321,3.6934626074937985e-06,-0.0007723216357121674,0.0006240195995247699,-0.00011442931162726059,-0.001346791953360754,1,0.21100959028085073,-1,186.95992999648763,0.4077046189847475,-31.754008417302824,8.970299920168435,1.0933375925780806,7.927855720259978e-16,0.0013460347777002012,7.5164596376571e-06,-0.0011634260576861269
25,25,359.9783608627866,57.38155271181538,0.020827549526433096,0.9999728605691418,0.13670152868182264,-0.9998894088886078,621.2082605214572,613.4352313067944,601.4171677035972,4.0984175879706287e-07,-1.6731907785263166e-09,-2.4640416584111484e-07,0.9999996939284846,0.999854694892629,0.9961016226833299,0.0005327752524933712,-3.590340865696958e-06,-0.0009295246734194698,0.0006544721940956776,0.00011015009045402748,-0.0004047464774216262,0.00040629083436360275,1.1173199826935275e-05,-0.0007086676497306388,0.0003189868146253283,-9.529791270665894e-05,-0.0010203478202573874,0.9999999339304899,0.9260862838351721,-0.9999700654019652,23.756345466872425,0.12249010701723727,-26.71921893086513,5.165069174592251,1.0825262219743759,0.01218570435199217,0.0005722691264263938,1.9000191473936872e-05,-0.001006293494356749,359.9783608627866,136.90595158255218,0,0.999999999994394,0.27732402933823935,-0.9999999997707215,657.2892553977956,610.7532988408364,589.9999999999999,7.637133345805204e-07,-3.3497114003435492e-09,-4.741040971539633e-07,0.999999993735809,0.999849246438562,0.9881397733883612,0.0013275783524237653,7.593704949961358e-06,-0.0011799551278768826,0.0015068229592549297,0.00011432072881044712,-0.0005908287277231417,0.0009946936877998321,3.6934626074937985e-06,-0.0007723216357121674,0.0006240195995247699,-0.00011442931162726059,-0.001346791953360754,1,0.21100959028085073,-1,186.95992999648763,0.4077046189847475,-31.754008417302824,8.970299920168435,1.0933375925780806,7.927855720259978e-16,0.0013460347777002012,7.5164596376571e-06,-0.0011634260576861269
26,26,359.6403238721954,178.9980870205293,0.630164716313393,0.999999614401971,0.010849790799586714,-0.9999871987436845,621.4757542803429,613.6857423842921,601.3852980334348,4.986074355393092e-07,-1.7678019316624024e-09,-3.7293550038426654e-07,0.9999990787886628,0.99971068762586,0.9954378170593055,0.0007557698425376487,3.494070873357129e-06,-0.001068309375149065,0.0007509140971797817,0.00011039226340586814,-0.0005908287277231417,0.0006577806126532987,1.1519582908312852e-05,-0.0007723216357121674,0.0006240195995247699,-9.916119825068506e-05,-0.001346791953360754,0.9999802963564881,-0.9094492820723333,-0.9999994788793286,19.756110516096342,0.0620396766145271,-9.63186192828163,5.316142842343275,1.2656246681609165,0.033406397886089845,0.0007223548015503655,3.2956722274802446e-06,-0.001088617589921203,359.9783608627866,136.90595158255218,0,0.999999999994394,0.27732402933823935,-0.9999999997707215,657.2892553977956,610.7532988408364,589.9999999999999,7.637133345805204e-07,-3.3497114003435492e-09,-4.741040971539633e-07,0.999999993735809,0.999849246438562,0.9881397733883612,0.0013275783524237653,7.593704949961358e-06,-0.0011799551278768826,0.0015068229592549297,0.00011432072881044712,-0.0005908287277231417,0.0009946936877998321,3.6934626074937985e-06,-0.0007723216357121674,0.0006240195995247699,-0.00011442931162726059,-0.001346791953360754,1,0.21100959028085073,-1,186.95992999648763,0.4077046189847475,-31.754008417302824,8.970299920168435,1.0933375925780806,7.927855720259978e-16,0.0013460347777002012,7.5164596376571e-06,-0.0011634260576861269
27,27,359.9533830649436,147.36069386137873,0.4067097701584179,0.9999327388522168,0.2861168038270387,-0.9908957626256921,627.3768601541377,620.5898264643661,612.9536085569948,7.513811379856029e-08,-1.3821510990304322e-09,-5.304923107331498e-08,0.9999989813627319,0.9997976942832572,0.9988601766648105,0.00037723906135889173,1.0182434763861697e-05,-0.00035423790095473343,0.0004039056912460183,0.00010861448548007277,-0.00018636905911804897,0.00026915273599258707,2.4600617942484595e-05,-0.00029476872533201135,0.00025466298850489703,-6.272920591026664e-05,-0.0004198181408570891,0.9999996690120765,-0.6768016500961472,-0.9999999130994779,15.926946827123835,0.19270991290182515,-15.280579361680283,2.6043359433088695,1.1621847038082929,0.06041937661573087,0.00032917776048337874,3.6122551799979005e-05,-0.0003843179957431503,359.9783608627866,136.90595158255218,0,0.999999999994394,0.27732402933823935,-0.9999999997707215,657.2892553977956,610.7532988408364,589.9999999999999,7.637133345805204e-07,-3.3497114003435492e-09,-4.741040971539633e-07,0.999999993735809,0.999849246438562,0.9881397733883612,0.0013275783524237653,7.593704949961358e-06,-0.0011799551278768826,0.0015068229592549297,0.00011432072881044712,-0.0005908287277231417,0.0009946936877998321,3.6934626074937985e-06,-0.0007723216357121674,0.0006240195995247699,-0.00011442931162726059,-0.001346791953360754,1,0.21100959028085073,-1,186.95992999648763,0.4077046189847475,-31.754008417302824,8.970299920168435,1.0933375925780806,7.927855720259978e-16,0.0013460347777002012,7.5164596376571e-06,-0.0011634260576861269
28,28,359.5535163087135,99.07595869329415,1.3205478009695009,0.9999935260783211,0.7601871160352707,-0.9998521391551489,657.2892553977956,629.3824725900464,623.8955863978678,3.101557471392691e-07,-1.6747817182303082e-09,-1.950032281369751e-07,0.9999993501730498,0.9997722829338762,0.9938667819922252,0.000845630868387129,-4.83058392897738e-06,-0.0007839030615129013,0.0011238331035918737,0.0001027716596075084,-0.00023210987853159723,0.000618008561809928,-2.67725640413439e-05,-0.0003982702303038645,0.00035710816557836593,-0.00015729346892161259,-0.0008313731558117021,0.9999696377646815,-0.050691292215335075,-0.999907775283308,14.543512645964524,-0.06924556240966408,-7.1084700359883,6.519347093347407,1.2669375996309036,0.030856214740764904,0.0010152561556784662,-4.097513162293751e-05,-0.0005762857903660642,359.9783608627866,136.90595158255218,0,0.999999999994394,0.27732402933823935,-0.9999999997707215,657.2892553977956,610.7532988408364,589.9999999999999,7.637133345805204e-07,-3.3497114003435492e-09,-4.741040971539633e-07,0.999999993735809,0.999849246438562,0.9881397733883612,0.0013275783524237653,7.593704949961358e-06,-0.0011799551278768826,0.0015068229592549297,0.00011432072881044712,-0.0005908287277231417,0.0009946936877998321,3.6934626074937985e-06,-0.0007723216357121674,0.0006240195995247699,-0.00011442931162726059,-0.001346791953360754,1,0.21100959028085073,-1,186.95992999648763,0.4077046189847475,-31.754008417302824,8.970299920168435,1.0933375925780806,7.927855720259978e-16,0.0013460347777002012,7.5164596376571e-06,-0.0011634260576861269
29,29,359.92017460874075,130.89466613876237,0.17985027708703205,0.9999619140522499,0.22278734198577269,-0.9973506741409317,655.6904528891198,629.6554815829971,620.4556997564775,4.2182213569669425e-07,-1.609728231799559e-09,-3.475382494075541e-07,0.9999994487528369,0.9995439789658618,0.9881397733883612,0.0009176767949488812,1.192369883826097e-05,-0.0006156692461095685,0.0010015397298860263,0.0001183893009852097,-0.0004084885624124613,0.0006938038514314422,-3.856599316119013e-06,-0.0006129522171853358,0.0004654095957767353,-0.00013323329107486808,-0.0009048221036516967,0.9999990294748792,0.8865767894147565,-0.9999793339225636,45.01132173330783,-0.12230208980518494,-18.300797397100876,8.970299920168435,1.7813820933356703,0.06848506531919665,0.0009998238899724358,-1.8389820694811697e-05,-0.0007590584261342757,359.9783608627866,136.90595158255218,0,0.999999999994394,0.27732402933823935,-0.9999999997707215,657.2892553977956,610.7532988408364,589.9999999999999,7.637133345805204e-07,-3.3497114003435492e-09,-4.741040971539633e-07,0.999999993735809,0.999849246438562,0.9881397733883612,0.0013275783524237653,7.593704949961358e-06,-0.0011799551278768826,0.0015068229592549297,0.00011432072881044712,-0.0005908287277231417,0.0009946936877998321,3.6934626074937985e-06,-0.0007723216357121674,0.0006240195995247699,-0.00011442931162726059,-0.001346791953360754,1,0.21100959028085073,-1,186.95992999648763,0.4077046189847475,-31.754008417302824,8.970299920168435,1.0933375925780806,7.927855720259978e-16,0.0013460347777002012,7.5164596376571e-06,-0.0011634260576861269
30,30,359.81649906272133,188.87503201126944,0.10363426982955436,0.999996110104202,-0.026979639446930492,-0.9994505302337056,623.3703114392093,614.5553329791621,603.1729346343855,3.229637738324254e-07,-1.700798812430609e-09,-2.519183951982781e-07,0.9999971779712203,0.999559430861039,0.9946845289498225,0.0007018924290241419,-4.025721455827414e-06,-0.001017225264735099,0.0008725046913815745,0.00010294980143806216,-0.0004074248573474233,0.0005854632311715283,-3.387938981586922e-06,-0.000648283491236538,0.0004349454869432162,-0.00010283495655295967,-0.001135618663879514,0.9999983641954764,0.9492650880934281,-0.9999994937729241,15.914495949803458,-0.06395438531165247,-4.663167475898017,5.958521260413261,1.7975631225201891,0.23611529283761973,0.0007464463675585109,3.604397982410342e-06,-0.000920059291318576,359.9783608627866,136.90595158255218,0,0.999999999994394,0.27732402933823935,-0.9999999997707215,657.2892553977956,610.7532988408364,589.9999999999999,7.637133345805204e-07,-3.3497114003435492e-09,-4.741040971539633e-07,0.999999993735809,0.999849246438562,0.9881397733883612,0.0013275783524237653,7.593704949961358e-06,-0.0011799551278768826,0.0015068229592549297,0.00011432072881044712,-0.0005908287277231417,0.0009946936877998321,3.6934626074937985e-06,-0.0007723216357121674,0.0006240195995247699,-0.00011442931162726059,-0.001346791953360754,1,0.21100959028085073,-1,186.95992999648763,0.4077046189847475,-31.754008417302824,8.970299920168435,1.0933375925780806,7.927855720259978e-16,0.0013460347777002012,7.5164596376571e-06,-0.0011634260576861269
31,31,359.3060587510116,144.85939412521628,5.770797514083761,0.9999923473422359,0.5420417705676621,-0.9974800377740258,622.5059466568318,616.9356984407877,603.6816074550992,3.737332232410555e-07,-1.872291240000586e-09,-4.7321831007199617e-07,0.999999317487733,0.9998084462996618,0.9970886698794157,0.0005178925537726155,-3.561764267689197e-06,-0.0009777044984096291,0.0006750196854934024,0.00011149302569534086,-0.0005653370527536105,0.00040757847415998804,1.072420237507456e-05,-0.0006731165622254732,0.0003302910329881925,-0.00011098706352800741,-0.0010320153102257152,0.9999266559584793,-0.7855198879026694,-0.999999040026589,8.341632728342544,0.06217002221433619,-17.595339984953313,4.334231585332371,1.143106342619437,0.10028841072612549,0.0006519704894201606,1.974185132404796e-05,-0.0008036577821937032,359.9783608627866,136.90595158255218,0,0.999999999994394,0.27732402933823935,-0.9999999997707215,657.2892553977956,610.7532988408364,589.9999999999999,7.637133345805204e-07,-3.3497114003435492e-09,-4.741040971539633e-07,0.999999993735809,0.999849246438562,0.9881397733883612,0.0013275783524237653,7.593704949961358e-06,-0.0011799551278768826,0.0015068229592549297,0.00011432072881044712,-0.0005908287277231417,0.0009946936877998321,3.6934626074937985e-06,-0.0007723216357121674,0.0006240195995247699,-0.00011442931162726059,-0.001346791953360754,1,0.21100959028085073,-1,186.95992999648763,0.4077046189847475,-31.754008417302824,8.970299920168435,1.0933375925780806,7.927855720259978e-16,0.0013460347777002012,7.5164596376571e-06,-0.0011634260576861269
32,32,272.92609691622016,175.5038433525802,87.8292616036209,0.9999790644461525,0.08158643102896201,-0.9986962096618583,626.6227135674072,622.8868060963432,618.66702314259,7.541140164120954e-08,-1.3497503192356136e-09,-6.111114497696783e-08,0.9999969250206754,0.9996698589148942,0.9990955823984089,0.0002763037466633166,-1.6397305823018472e-05,-0.0003520563365411217,0.0003173324127665692,8.631627836377573e-05,-0.00025507349184517155,0.0002294596284679338,-1.3005202950261594e-05,-0.0002753596362897744,0.00019446380760992265,-0.00010912607733310825,-0.0003737265494830709,0.05104782862216073,-0.9729300528345138,-0.9999991880439333,27.893804986453684,-0.10775940837093233,-8.641335935111867,2.347262677824006,1.3665994786704263,0.04801933173817776,0.00024061397237812605,-2.0852997084870774e-05,-0.00030645094187570156,359.9783608627866,136.90595158255218,0,0.999999999994394,0.27732402933823935,-0.9999999997707215,657.2892553977956,610.7532988408364,589.9999999999999,7.637133345805204e-07,-3.3497114003435492e-09,-4.741040971539633e-07,0.999999993735809,0.999849246438562,0.9881397733883612,0.0013275783524237653,7.593704949961358e-06,-0.0011799551278768826,0.0015068229592549297,0.00011432072881044712,-0.0005908287277231417,0.0009946936877998321,3.6934626074937985e-06,-0.0007723216357121674,0.0006240195995247699,-0.00011442931162726059,-0.001346791953360754,1,0.21100959028085073,-1,186.95992999648763,0.4077046189847475,-31.754008417302824,8.970299920168435,1.0933375925780806,7.927855720259978e-16,0.0013460347777002012,7.5164596376571e-06,-0.0011634260576861269
